Item,Qty,Reference(s),Value,LibPart,Footprint,LCSC Part #,Skip BOM
1,6,"C1, C2, C3, C5, C7, C8",22uF,Device:C,Capacitor_SMD:C_0805_2012Metric,C45783,
2,1,C6,1uF,Device:C,Capacitor_SMD:C_0603_1608Metric,C15849,
3,1,F1,Fuse,Device:Fuse,Resistor_SMD:R_0603_1608Metric_Pad1.05x0.95mm_HandSolder,C182718,
7,1,IC2,TPS2540RTET,TPS2540RTET:TPS2540RTET,TPS2540RTET:QFN50P300X300X80-17N-D,C117009,
16,6,"R1, R4, R8, R9, R10, R11",100K,Device:R,Resistor_SMD:R_0603_1608Metric,C25803,
17,1,R2,51K,Device:R,Resistor_SMD:R_0603_1608Metric,C23196,
18,1,R3,6K98,Device:R,Resistor_SMD:R_0603_1608Metric,C23189,
19,1,R5,470R,Device:R,Resistor_SMD:R_0603_1608Metric,C23179,
20,1,R7,39K,Device:R,Resistor_SMD:R_0603_1608Metric,C23153,
